"","V1","V2","V3"
"1",0.332862593233585,0.859484953805804,0.382369476836175
"2",0.355441738618538,0.0311327737290412,0.440088013187051
"3",0.411579243373126,0.195073344279081,0.426275066100061
"4",0.77617661235854,0.8428939669393,0.0563220120966434
"5",0.15094471978955,0.115507144248113,0.317491638008505
"6",0.548148935427889,0.766177068697289,0.463042518589646
"7",0.14443387161009,0.759302377002314,0.327712036203593
"8",0.126314300810918,0.340828252956271,0.473581199999899
"9",0.507394548505545,0.252779900329188,0.707532180706039
"10",0.183123030234128,0.498719203984365,0.637932486832142
"11",0.901919673429802,0.279974611476064,0.794287403812632
"12",0.00230467435903847,0.106309251859784,0.572852103505284
"13",0.46516246907413,0.550699026556686,0.605508525157347
"14",0.936702456092462,0.92922069109045,0.26649124128744
"15",0.00612758519127965,0.433787032263353,0.22210571076721
"16",0.839824832277372,0.757183059351519,0.813023254740983
"17",0.180884189670905,0.840959311462939,0.945874792290851
"18",0.602171662263572,0.332007026765496,0.430379826575518
"19",0.979636423289776,0.572910753311589,0.681042426265776
"20",0.59132704208605,0.179546683095396,0.770650886464864
"21",0.389784688130021,0.0224626895505935,0.226104903034866
"22",0.766629784135148,0.614752100547776,0.308137943269685
"23",0.967920638155192,0.765816593309864,0.411110834917054
"24",0.398230637423694,0.966307326685637,0.0588006656616926
"25",0.313010658835992,0.617015137569979,0.0161855313926935
"26",0.990471564931795,0.497615959728137,0.00673721567727625
"27",0.448995901271701,0.311062641907483,0.00225301156751812
"28",0.979606413515285,0.145491464994848,0.962471671868116
"29",0.778853491181508,0.64823418832384,0.492215960286558
"30",0.395719947759062,0.276685694698244,0.483536311658099
"31",0.566717226989567,0.409121168544516,0.599146857159212
"32",0.759182809153572,0.469510533148423,0.208508712938055
"33",0.352563183754683,0.210560322739184,0.772227960638702
"34",0.688991337548941,0.452539102640003,0.198665574193001
"35",0.0417200319934636,0.496598289348185,0.887140622362494
"36",0.816515082493424,0.908927941927686,0.260210510110483
"37",0.0670877671800554,0.184024478541687,0.171471977606416
"38",0.731572569115087,0.779384785564616,0.839292020071298
"39",0.177641198737547,0.539878823095933,0.11216154973954
"40",0.386455870233476,0.657065729610622,0.158620745874941
"41",0.0654471018351614,0.894585715839639,0.0255840118043125
"42",0.01681212708354,0.0844520188402385,0.145261364756152
"43",0.264051902573556,0.889249496394768,0.0591618791222572
"44",0.627364169340581,0.200652283616364,0.702844572020695
"45",0.469083616044372,0.415552116930485,0.079561609076336
"46",0.859299403615296,0.0820368248969316,0.909511062782258
"47",0.704461904941127,0.730028213234618,0.432150788605213
"48",0.191534624435008,0.232193049276248,0.27740734978579
"49",0.951254339655861,0.0377258653752506,0.68970370455645
"50",0.44722996884957,0.161552228499204,0.0295597435906529
"51",0.723474341444671,0.159745264332741,0.167830011341721
"52",0.0216382674407214,0.708422826370224,0.350747792515904
"53",0.121047051623464,0.301099418429658,0.442408519331366
"54",0.226675915531814,0.465265355771407,0.717376511311159
"55",0.688127894885838,0.954448233358562,0.301576348952949
"56",0.755021013785154,0.784582858905196,0.172757661202922
"57",0.0583992744795978,0.148028465453535,0.255714195314795
"58",0.872555773006752,0.23472042568028,0.156662092544138
"59",0.321176742902026,0.998882337240502,0.918036726070568
"60",0.16395725402981,0.3719749415759,0.672760235378519
"61",0.498625438893214,0.852740206522867,0.355143243214116
"62",0.27156706363894,0.00694498210214078,0.313279131194577
"63",0.0585638973861933,0.0965181346982718,0.532823057845235
"64",0.281244513578713,0.235939441248775,0.505570566281676
"65",0.16526921861805,0.354616306489334,0.537641890812665
"66",0.917153224116191,0.779284734511748,0.180819731205702
"67",0.940447488101199,0.400225773453712,0.240976369939744
"68",0.522905685473233,0.0887971355114132,0.242900552926585
"69",0.107544285710901,0.021250254008919,0.483074428746477
"70",0.097430125111714,0.263068290194497,0.75344765605405
"71",0.3747553168796,0.148349673720077,0.0507253322284669
"72",0.769345786888152,0.0131653265561908,0.587583019630983
"73",0.9376484262757,0.0134264938533306,0.03132244781591
"74",0.375350270187482,0.741025605704635,0.143792603164911
"75",0.237611191114411,0.146181950345635,0.392994854599237
"76",0.13959575840272,0.555613289354369,0.129280700115487
"77",0.313636637991294,0.808935848996043,0.758009974844754
"78",0.985657506622374,0.679314485052601,0.568096711300313
"79",0.0620252396911383,0.795277472119778,0.804540523560718
"80",0.776796742342412,0.406076109502465,0.11222445522435
"81",0.42395787476562,0.379828753648326,0.520462401676923
"82",0.470370166469365,0.310628189239651,0.18378906045109
"83",0.878449954092503,0.631531617371365,0.187951456289738
"84",0.112859023036435,0.272811738308519,0.705049414653331
"85",0.0523050455376506,0.535847191233188,0.0208750267047435
"86",0.65408336604014,0.0682120318524539,0.610718369251117
"87",0.136340758064762,0.597905448172241,0.510833339067176
"88",0.0815123072825372,0.855954137863591,0.254331352654845
"89",0.0454449416138232,0.965634818421677,0.164028977742419
"90",0.106135838897899,0.210330171510577,0.726998551515862
"91",0.0644776017870754,0.16521920519881,0.615091721760109
"92",0.329902425408363,0.665280732791871,0.0222100061364472
"93",0.48338733217679,0.273622609209269,0.851748827844858
"94",0.958299034275115,0.381746384315193,0.975416169967502
"95",0.401097192894667,0.518447204027325,0.288091005058959
"96",0.0805556892883033,0.30438986630179,0.141024220734835
"97",0.900677849538624,0.0916568955872208,0.667915634112433
"98",0.270710163749754,0.792525645112619,0.323446547612548
"99",0.491824715398252,0.976813920773566,0.137105835136026
"100",0.73156549106352,0.375248057534918,0.860550538403913
"101",0.644583984976634,0.5420231372118,0.494622885948047
"102",0.533440682571381,0.805780660593882,0.753162381239235
"103",0.589699775213376,0.336287486134097,0.147342714713886
"104",0.533813361544162,0.18819275056012,0.904909951379523
"105",0.85509833926335,0.882275063311681,0.273774897679687
"106",0.593555042520165,0.832582428818569,0.79955563810654
"107",0.650042039342225,0.947701490949839,0.791546928696334
"108",0.913063815562055,0.348763400223106,0.822820539819077
"109",0.489184296224266,0.118117011385038,0.24861677037552
"110",0.392053501447663,0.0980240474455059,0.811898807296529
"111",0.302457441808656,0.761812735116109,0.0014638714492321
"112",0.311515180859715,0.882147568510845,0.122283858712763
"113",0.998637286247686,0.290190890664235,0.353180460399017
"114",0.110497254878283,0.012144688051194,0.097428867360577
"115",0.698979101143777,0.312900436110795,0.871524759102613
"116",0.71626831125468,0.29414634918794,0.201460336335003
"117",0.614056055899709,0.813503719866276,0.336224132915959
"118",0.480462917592376,0.440584551542997,0.130915056914091
"119",0.872987913899124,0.730081527028233,0.351069553522393
"120",0.958649985957891,0.329643453238532,0.834416828583926
"121",0.207155722426251,0.463774358155206,0.981380479643121
"122",0.225867377361283,0.707837027264759,0.925030866172165
"123",0.446067956043407,0.109484398504719,0.97126214299351
"124",0.649891181616113,0.0176584010478109,0.997557554394007
"125",0.268984702415764,0.83909077430144,0.0208246738184243
"126",0.0998203225899488,0.460779411485419,0.684968259884045
"127",0.0114315452519804,0.77373621868901,0.606758826412261
"128",0.194533749716356,0.603979940991849,0.758110704598948
"129",0.766888842219487,0.481772326398641,0.387073857476935
"130",0.516179998405278,0.179920805618167,0.887602180009708
"131",0.759719340363517,0.898598929867148,0.506787918740883
"132",0.451580999651924,0.885908900294453,0.143656233791262
"133",0.218209984246641,0.329635918140411,0.155047048348933
"134",0.572577400133014,0.289649180369452,0.166322760982439
"135",0.101844389457256,0.389257500646636,0.649381979601458
"136",0.0988034722395241,0.928391090594232,0.935419747373089
"137",0.437952890293673,0.699329696130008,0.0515657349023968
"138",0.408642823807895,0.842389597324654,0.61598594323732
"139",0.151197734754533,0.473219581646845,0.0880674282088876
"140",0.616393025964499,0.333365166559815,0.984182358719409
"141",0.847658044425771,0.436243358999491,0.260353203164414
"142",0.978105277754366,0.0579597689211369,0.390872782561928
"143",0.340474603231996,0.507263463921845,0.757059271680191
"144",0.0493587637320161,0.264413460390642,0.793752625817433
"145",0.48814104613848,0.174940480152145,0.791245079599321
"146",0.571169160539284,0.0835696735884994,0.591281902743503
"147",0.0737137058749795,0.582246424630284,0.592692786129192
"148",0.422085358994082,0.876347967656329,0.882257543271407
"149",0.836011291248724,0.116259665694088,0.256877101026475
"150",0.743890584213659,0.241677640005946,0.731579314218834
"151",0.319463315187022,0.132180898915976,0.95793706108816
"152",0.300162750529125,0.840559171279892,0.886761910049245
"153",0.115130367688835,0.441330355592072,0.890318408142775
"154",0.566677022958174,0.694281692616642,0.1273278510198
"155",0.183062315452844,0.831946103135124,0.616459579439834
"156",0.868027756689116,0.974312820704654,0.42384060123004
"157",0.819018125301227,0.762946930481121,0.438736811745912
"158",0.577846643282101,0.494982471456751,0.570878549944609
"159",0.844537919852883,0.542646072339267,0.0043121031485498
"160",0.849895213963464,0.556853318819776,0.42046273779124
"161",0.318667320534587,0.0953912998083979,0.110717800445855
"162",0.553515210747719,0.807955645723268,0.760042400797829
"163",0.895145592978224,0.665641830768436,0.180169143015519
"164",0.338564893696457,0.499763263855129,0.787588122999296
"165",0.936481641838327,0.93875992577523,0.623398586641997
"166",0.457142857834697,0.546068892581388,0.637831856962293
"167",0.975558283505961,0.850485620554537,0.5521904991474
"168",0.199552363948897,0.313459772383794,0.0766369097400457
"169",0.144387776963413,0.902847928227857,0.625592028722167
"170",0.550917806103826,0.249942076858133,0.802806262392551
"171",0.991916048107669,0.793406900251284,0.704169256845489
"172",0.187176513019949,0.480490809772164,0.803035704651847
"173",0.696689593372867,0.692445592954755,0.805070273810998
"174",0.449625118169934,0.702527163317427,0.176789079094306
"175",0.861609823070467,0.641663700575009,0.270624848781154
"176",0.821552670095116,0.918827754911035,0.932969955960289
"177",0.717865506187081,0.806900555035099,0.00668112304992974
"178",0.391388617455959,0.17733876616694,0.0768163977190852
"179",0.682501483010128,0.901740771485493,0.0335005326196551
"180",0.364379951963201,0.964325261302292,0.17536652716808
"181",0.432117873104289,0.999380694236606,0.487684490159154
"182",0.197228258475661,0.438486437546089,0.388453718740493
"183",0.36803148384206,0.270718060899526,0.359529889421538
"184",0.371783355018124,0.188632496632636,0.940265523968264
"185",0.436463040998206,0.996604555752128,0.78274045092985
"186",0.042379958787933,0.312672946602106,0.28851453284733
"187",0.803408195730299,0.38291232357733,0.394932356663048
"188",0.770411249715835,0.750532739562914,0.837463120231405
"189",0.563462336314842,0.0466978589538485,0.750172557774931
"190",0.3816844294779,0.0511844905558974,0.470814690226689
"191",0.764173552393913,0.902312805643305,0.596755651058629
"192",0.225427289726213,0.371701019816101,0.862307985778898
"193",0.0417930358089507,0.654097770806402,0.491291298530996
"194",0.171326051466167,0.478970955125988,0.99614403443411
"195",0.120521641802043,0.698590000392869,0.284786528209224
"196",0.00963401305489242,0.385570450453088,0.841938431141898
"197",0.880848541390151,0.761026935419068,0.616981548722833
"198",0.741410593967885,0.242175186285749,0.727246548747644
"199",0.528423333773389,0.0303359497338533,0.770092573016882
"200",0.119843253865838,0.384847171604633,0.153273003874347
"201",0.252958695637062,0.884405639255419,0.583953186636791
"202",0.713798166485503,0.24687475245446,0.243649424985051
"203",0.410692246863618,0.317208668217063,0.575238632271066
"204",0.699788296362385,0.319099542684853,0.710761232301593
"205",0.479443787131459,0.6557362745516,0.0155813896562904
"206",0.908016314497218,0.455205643782392,0.415838368935511
"207",0.928226843243465,0.808625207981095,0.549119633156806
"208",0.357604974415153,0.923052717931569,0.0857075399253517
"209",0.66729973256588,0.95133377914317,0.905803416389972
"210",0.201237692032009,0.760802934644744,0.931012416724116
"211",0.402843636926264,0.172724489821121,0.514279220020398
"212",0.454827592009678,0.389531634747982,0.22767121787183
"213",0.625018110964447,0.479568362236023,0.0391565542668104
"214",0.434497602283955,0.523160028737038,0.775868432130665
"215",0.790089514339343,0.240838584024459,0.435419081477448
"216",0.977758724009618,0.37275177706033,0.357195790158585
"217",0.661788344848901,0.658015789231285,0.167625656584278
"218",0.513129783095792,0.90787371690385,0.0758995399810374
"219",0.253414218779653,0.0829625802580267,0.421020610257983
"220",0.903188182739541,0.806471986230463,0.373109564883634
"221",0.493077193619683,0.720692300237715,0.44640867668204
"222",0.275302675319836,0.115795403486118,0.902764570433646
"223",0.158922980539501,0.426808605901897,0.202288243919611
"224",0.511677843751386,0.484159528277814,0.317551566986367
"225",0.992493182886392,0.799445119686425,0.730327466502786
"226",0.575712549732998,0.126812592381611,0.328896636143327
"227",0.859718945343047,0.442451333859935,0.211524631595239
"228",0.785431576659903,0.588809671578929,0.92340541142039
"229",0.0972575533669442,0.666937667643651,0.450604442041367
"230",0.238428382901475,0.763428520876914,0.71984662883915
"231",0.406833007466048,0.107138785766438,0.803021272877231
"232",0.0287568250205368,0.194359495770186,0.868425667053089
"233",0.623651741072536,0.426991538144648,0.425978079903871
"234",0.400923745939508,0.573253009933978,0.493092682678252
"235",0.525418745586649,0.326879156753421,0.883627235190943
"236",0.612224677344784,0.830118760699406,0.676376897841692
"237",0.200095943640918,0.204684378579259,0.174268176080659
"238",0.16264603077434,0.294678090605885,0.7282065062318
"239",0.229664466110989,0.680118313524872,0.138217446161434
"240",0.0295897217001766,0.672432568389922,0.158206225838512
"241",0.445064318133518,0.410742605105042,0.130928714992478
"242",0.856263097375631,0.341541449073702,0.921722176251933
"243",0.469590459484607,0.0638993568718433,0.86391642736271
"244",0.994161694776267,0.0638761315494776,0.110046414425597
"245",0.544916483573616,0.447057650890201,0.975256716599688
"246",0.464545300696045,0.749435642501339,0.164365503238514
"247",0.815681047271937,0.732845578575507,0.625062608392909
"248",0.671567625598982,0.477302450686693,0.519988248124719
"249",0.282375147333369,0.0911653114017099,0.026794592384249
"250",0.573704809416085,0.54847729508765,0.123627471504733
"251",0.755853007314727,0.580944390734658,0.446175793651491
"252",0.435095521854237,0.196273069363087,0.614014519611374
"253",0.741108212154359,0.360513975610957,0.079443235648796
"254",0.7214024157729,0.928776715649292,0.364361272891983
"255",0.684695114614442,0.042545483680442,0.93517342209816
"256",0.536918179597706,0.158836883725598,0.706857512006536
"257",0.836669742362574,0.7011953080073,0.352609669324011
"258",0.853305573575199,0.315507424296811,0.634062596596777
"259",0.304570459062234,0.104813230689615,0.775820462498814
"260",0.178261438850313,0.695297400001436,0.793260771315545
"261",0.704193423269317,0.992916821036488,0.271070634247735
"262",0.684104033047333,0.0690585870761424,0.748685271246359
"263",0.249366412404925,0.432010984746739,0.706101746764034
"264",0.161155332578346,0.539920162409544,0.376708516618237
"265",0.466605413705111,0.914983757538721,0.914147529518232
"266",0.890381596516818,0.0292175661306828,0.524445878807455
"267",0.0274819273035973,0.0477088983170688,0.591041441075504
"268",0.628045953111723,0.434871691279113,0.265973785659298
"269",0.822185574797913,0.426481190137565,0.236512697767466
"270",0.198761363048106,0.0980134308338165,0.717161206062883
"271",0.407536340178922,0.40061209932901,0.1510655276943
"272",0.81320137786679,0.84737219940871,0.43304809811525
"273",0.897956325905398,0.0150807357858866,0.835132452426478
"274",0.462869585957378,0.5577047013212,0.794300740817562
"275",0.161652216920629,0.171778801130131,0.402053710538894
"276",0.758599444990978,0.152598850661889,0.56774822040461
"277",0.245763535844162,0.245555111672729,0.786910415161401
"278",0.145792242372409,0.202532358001918,0.849276730790734
"279",0.704034532653168,0.464486793149263,0.16025607357733
"280",0.234712221426889,0.548598394962028,0.117148753954098
"281",0.85238445061259,0.0755841915961355,0.862831646809354
"282",0.509832444833592,0.495585297234356,0.460720868781209
"283",0.436298596672714,0.736233658157289,0.383345864247531
"284",0.60895451484248,0.904246384976432,0.850690246094018
"285",0.0954558565281332,0.749272592831403,0.670583887724206
"286",0.0902663231827319,0.529387633083388,0.425256121670827
"287",0.377152053406462,0.511307856766507,0.429655925836414
"288",0.0046605656389147,0.820169435581192,0.895486494526267
"289",0.243255223846063,0.494423219701275,0.368054807186127
"290",0.145710487384349,0.0168863374274224,0.253359337337315
"291",0.64050911529921,0.362370912684128,0.568454699823633
"292",0.428088742075488,0.870236570481211,0.0391573142260313
"293",0.797083518235013,0.152775419177487,0.134331649867818
"294",0.833829965209588,0.863891998073086,0.50420882483013
"295",0.508188373176381,0.186009796569124,0.305368316126987
"296",0.125590196345001,0.191218577092513,0.268086778465658
"297",0.250116480747238,0.281192041002214,0.0435022143647075
"298",0.501643823459744,0.980476476950571,0.436614920850843
"299",0.814879964571446,0.751478347694501,0.76475639664568
"300",0.456287728156894,0.104720541741699,0.793666428187862
"301",0.84283216483891,0.720830425387248,0.693432226777077
"302",0.777654549106956,0.182675651274621,0.667534474749118
"303",0.70571336383,0.690764090977609,0.623147361446172
"304",0.724849736085162,0.0839636519085616,0.814750637160614
"305",0.148172529414296,0.164441602304578,0.0282861539162695
"306",0.960685134399682,0.960336015559733,0.0243863691575825
"307",0.252038863953203,0.942046395502985,0.934039622545242
"308",0.144859466701746,0.551757581299171,0.370139357866719
"309",0.764486278640106,0.399900118354708,0.407052100403234
"310",0.0318787670694292,0.0455283494666219,0.275250062113628
"311",0.795010048663244,0.831926740240306,0.468992872396484
"312",0.0159792630001903,0.948149612173438,0.437773845158517
"313",0.419919965788722,0.55448843864724,0.109739291714504
"314",0.730567728867754,0.923036019084975,0.355613695690408
"315",0.660714374156669,0.440102171385661,0.937202334869653
"316",0.655110865132883,0.902968497946858,0.394857353763655
"317",0.821601559408009,0.592003043508157,0.402855682885274
"318",0.623301737941802,0.932308965129778,0.964822786627337
"319",0.039024684112519,0.685467201750726,0.0695840029511601
"320",0.122889304999262,0.0396933213341981,0.36176475090906
"321",0.0436041930224746,0.366005919175223,0.261546683963388
"322",0.332683987915516,0.39624652499333,0.569664696929976
"323",0.224224184639752,0.0288492871914059,0.135943040018901
"324",0.231549390591681,0.726934874430299,0.0840520239435136
"325",0.80013779643923,0.916044934187084,0.78028134861961
"326",0.597600341308862,0.508412429830059,0.245330004720017
"327",0.175984825007617,0.22349265567027,0.417899070307612
"328",0.574651161208749,0.177635362371802,0.504447676707059
"329",0.775431478396058,0.372243701247498,0.723100333707407
"330",0.567160417791456,0.235528758727014,0.903316138545051
"331",0.353953213663772,0.463802739279345,0.105453291209415
"332",0.975690729916096,0.453209512867033,0.786239293869585
"333",0.495546318823472,0.535122954286635,0.964970316039398
"334",0.371221588924527,0.470473975874484,0.921531012514606
"335",0.41272219736129,0.09515536040999,0.197626009583473
"336",0.626177946804091,0.106656536692753,0.463498460128903
"337",0.0147678030189127,0.0244993881788105,0.113045956008136
"338",0.127507107099518,0.271406336920336,0.380550287431106
"339",0.56353830290027,0.283967163413763,0.225168643053621
"340",0.883738802978769,0.143573668552563,0.0271101810503751
"341",0.423780565848574,0.07449781592004,0.671032795216888
"342",0.719217502046376,0.44185670115985,0.698689964134246
"343",0.874342105118558,0.363467620220035,0.394907192094252
"344",0.555867975810543,0.949256362393498,0.954114549094811
"345",0.362869575386867,0.685713133076206,0.164992526406422
"346",0.400343686342239,0.218995061004534,0.407439743634313
"347",0.186553568346426,0.723993173567578,0.175736203789711
"348",0.566800381988287,0.270428287796676,0.928308746777475
"349",0.823619620641693,0.641287992009893,0.582715113880113
"350",0.314944938756526,0.747606437653303,0.117662420729175
"351",0.421684447210282,0.557335932273418,0.565703381318599
"352",0.507976546650752,0.359243573853746,0.873007167130709
"353",0.31188654829748,0.937756733968854,0.815937084145844
"354",0.309878517873585,0.565004790900275,0.530966077931225
"355",0.165677286684513,0.20679945521988,0.201773095643148
"356",0.465705365175381,0.308114605024457,0.0526951914653182
"357",0.907579672290012,0.242390702478588,0.212133889552206
"358",0.735949961934239,0.652746569598094,0.84740966395475
"359",0.50820800778456,0.777235527057201,0.218941909261048
"360",0.30422099144198,0.855890440987423,0.0696483908686787
"361",0.316768373595551,0.693802259862423,0.83289005770348
"362",0.111792666604742,0.570218020351604,0.26062254793942
"363",0.012002405943349,0.0764745778869838,0.134881318314001
"364",0.216571148950607,0.70997935696505,0.30420321598649
"365",0.66212293645367,0.202623320976272,0.160522802267224
"366",0.65699031483382,0.202983751660213,0.223993374500424
"367",0.634291841182858,0.979079819284379,0.766910470556468
"368",0.9938822214026,0.826208309736103,0.351934289792553
"369",0.608498606830835,0.53520478727296,0.959631684003398
"370",0.686304960865527,0.0358907219488174,0.196978165535256
"371",0.425028583267704,0.310751724755391,0.780498823849484
"372",0.106804931070656,0.212780500762165,0.382882019504905
"373",0.119361114455387,0.318417361704633,0.916231865761802
"374",0.934698608936742,0.392223819391802,0.594235802534968
"375",0.673586869845167,0.168516903650016,0.811353119555861
"376",0.990566678578034,0.102879261597991,0.00148545252159238
"377",0.323439391562715,0.972162479534745,0.318208676064387
"378",0.673687023343518,0.0271120727993548,0.223918457748368
"379",0.110989232547581,0.495177160482854,0.153260108083487
"380",0.934253335231915,0.477605272084475,0.841681481106207
"381",0.0922124367207289,0.463131934404373,0.708597701275721
"382",0.191393048036844,0.719732862664387,0.917503991629928
"383",0.891069665551186,0.00913122948259115,0.380356505513191
"384",0.878307420294732,0.896962174912915,0.630435331258923
"385",0.999255972914398,0.734424772672355,0.474150293041021
"386",0.152772244531661,0.481820112559944,0.414108049124479
"387",0.0862128646112978,0.381689137313515,0.665127517888322
"388",0.780995975481346,0.0378889418207109,0.567316158208996
"389",0.50067220069468,0.550524241523817,0.023151574190706
"390",0.833116444991902,0.27472920389846,0.208054085960612
"391",0.862074832897633,0.229463230352849,0.725303347688168
"392",0.725567890098318,0.710816651815549,0.75755218276754
"393",0.741149708162993,0.0929439030587673,0.0265508531592786
"394",0.281614355044439,0.241037280065939,0.847533269785345
"395",0.971187891904265,0.80498867877759,0.704123614123091
"396",0.677653725026175,0.690954619320109,0.0543258264660835
"397",0.276290255598724,0.758618160616606,0.218488713027909
"398",0.116825502365828,0.0712767874356359,0.690520234638825
"399",0.15291114943102,0.776990240672603,0.460005708504468
"400",0.290174524532631,0.267943347804248,0.41226472123526
"401",0.91868094005622,0.912262741476297,0.00995997246354818
"402",0.226485581835732,0.865835848730057,0.0894548583310097
"403",0.946081861155108,0.732810978079215,0.22131918487139
"404",0.52486943313852,0.592420784058049,0.586767291184515
"405",0.546369049930945,0.876793112140149,0.238843513652682
"406",0.807357228593901,0.00593261071480811,0.91291580023244
"407",0.0773693432565778,0.959274922730401,0.793191807577386
"408",0.590736619662493,0.464076590724289,0.384337421040982
"409",0.563906473107636,0.345809538615867,0.27239650208503
"410",0.891127709532157,0.783190568909049,0.574690643232316
"411",0.451051144860685,0.658331088256091,0.455099484417588
"412",0.145524045219645,0.849589205812663,0.687015518313274
"413",0.194023932563141,0.282760907197371,0.196640550391749
"414",0.201003656256944,0.92708964063786,0.171218000818044
"415",0.0186004703864455,0.940854131476954,0.886768920812756
"416",0.684759146999568,0.677772633731365,0.609268325613812
"417",0.606911099050194,0.783562246477231,0.848847653716803
"418",0.125278703402728,0.0136307657230645,0.47053682920523
"419",0.0108581006061286,0.672398102004081,0.280924631282687
"420",0.483644901076332,0.14786343742162,0.392244242597371
"421",0.586145795648918,0.253860794473439,0.649256312521175
"422",0.229985344223678,0.834732681512833,0.753746740752831
"423",0.021651056362316,0.408856250112876,0.493241123622283
"424",0.517543255118653,0.791232282994315,0.301209833007306
"425",0.814637725707144,0.149402497336268,0.0474303520750254
"426",0.151021864265203,0.118331693811342,0.0637599008623511
"427",0.0764183974824846,0.348785647423938,0.493777125375345
"428",0.0425625192001462,0.657525114715099,0.0664510410279036
"429",0.688760945107788,0.311930661089718,0.57096811872907
"430",0.689083414617926,0.798025890951976,0.573376299347728
"431",0.491332224337384,0.355531207751483,0.513069799635559
"432",0.529605038464069,0.140800976194441,0.221636504400522
"433",0.642733049346134,0.144263887079433,0.110543020768091
"434",0.224061906104907,0.87114115152508,0.540711002890021
"435",0.0706544870045036,0.585076161194593,0.620389306917787
"436",0.396989239845425,0.43411992653273,0.397347058868036
"437",0.809505120618269,0.81150867161341,0.0731814089231193
"438",0.693708227481693,0.571031021652743,0.682342992164195
"439",0.479041744256392,0.843141316901892,0.023308613570407
"440",0.546398099046201,0.920866971602663,0.207593214698136
"441",0.891538267489523,0.637804086785764,0.0148221685085446
"442",0.524345683166757,0.856274309568107,0.570323697524145
"443",0.487536553060636,0.844812996918336,0.912653647596017
"444",0.743196123512462,0.971802159911022,0.601413331460208
"445",0.787006515078247,0.0423932503908873,0.438072290271521
"446",0.307218205416575,0.518092462094501,0.319195914780721
"447",0.729101664153859,0.836358407977968,0.978199468227103
"448",0.816956834401935,0.360557909589261,0.381468825042248
"449",0.42847422324121,0.675629895878956,0.748599912971258
"450",0.798723427811638,0.597684154752642,0.739372996380553
"451",0.0911313141696155,0.82222205796279,0.111518904101104
"452",0.942283762386069,0.616020904388279,0.153622009325773
"453",0.0546209525782615,0.169570963829756,0.246406946098432
"454",0.398640928789973,0.356006763409823,0.675544512458146
"455",0.540291170356795,0.267880304716527,0.225996449589729
"456",0.567588526522741,0.769505883334205,0.722219922579825
"457",0.295135946478695,0.243768828688189,0.040720094460994
"458",0.821057287510484,0.856229700846598,0.80528765078634
"459",0.971727106487378,0.727421045769006,0.582632132107392
"460",0.250550657045096,0.516264319652691,0.849515288602561
"461",0.488903688965365,0.512492448557168,0.754642037674785
"462",0.600638684816658,0.95807574223727,0.227230275748298
"463",0.973777840146795,0.363207653863356,0.464630859671161
"464",0.386237951694056,0.340421051485464,0.160643770359457
"465",0.410434066783637,0.830810694722459,0.00977018568664789
"466",0.481863579479977,0.902756845578551,0.556522463448346
"467",0.195660748519003,0.825572482543066,0.21458275266923
"468",0.706650307634845,0.602237753104419,0.468419280136004
"469",0.0949970730580389,0.24350273096934,0.84906292334199
"470",0.172934839036316,0.713497834512964,0.741330907680094
"471",0.29880219977349,0.142366840736941,0.389907041564584
"472",0.444054906489328,0.681604475015774,0.738766556605697
"473",0.668429306009784,0.863038235343993,0.410171120194718
"474",0.823033077642322,0.409931544912979,0.44817397207953
"475",0.969750279560685,0.507243518950418,0.17292841267772
"476",0.616804295917973,0.651999458204955,0.545819895807654
"477",0.789675286971033,0.323989155935124,0.56378107983619
"478",0.689922623103485,0.824484846089035,0.603499497519806
"479",0.933510702569038,0.856998288072646,0.252734817797318
"480",0.467047923011705,0.292238291585818,0.151561163831502
"481",0.61862613260746,0.368732852861285,0.659770664293319
"482",0.00758843007497489,0.299040437210351,0.713185248430818
"483",0.43227340048179,0.762442072620615,0.770052149659023
"484",0.802368348930031,0.794032918522134,0.538721584714949
"485",0.651706454809755,0.411527643911541,0.709630943601951
"486",0.592196768615395,0.837968447012827,0.82385364966467
"487",0.361981481546536,0.0250441245734692,0.334259509807453
"488",0.103442242834717,0.899943045573309,0.910328350029886
"489",0.159790984354913,0.194822503253818,0.506841111928225
"490",0.574508971301839,0.234161852160469,0.524401644943282
"491",0.894968668697402,0.0456590277608484,0.738147988449782
"492",0.523543428396806,0.370680133579299,0.699388939887285
"493",0.364162669982761,0.969555617775768,0.988014827249572
"494",0.716021348256618,0.342393850209191,0.841625867877156
"495",0.774885220918804,0.700074732070789,0.733779087197036
"496",0.202267474727705,0.808980879606679,0.921485078753904
"497",0.837060541845858,0.529380352934822,0.593846599338576
"498",0.331453804625198,0.239756174152717,0.538621245184913
"499",0.844338608905673,0.393984624417499,0.928506361320615
"500",0.914583632955328,0.284668651176617,0.32057372527197
"501",0.36799231544137,0.676745445933193,0.948526692576706
"502",0.496783361304551,0.0601322127040476,0.926555456593633
"503",0.566863001557067,0.26715880446136,0.457642926368862
"504",0.71827332675457,0.668002526974306,0.70809993846342
"505",0.35382279381156,0.3395511044655,0.473597737262025
"506",0.364004362607375,0.159368533175439,0.825876617338508
"507",0.803034299518913,0.66088458430022,0.358079534489661
"508",0.332233646186069,0.404375764075667,0.532479754881933
"509",0.0104113481938839,0.964908751193434,0.881810808787122
"510",0.935975881759077,0.935238551115617,0.443150595994666
"511",0.299519479041919,0.808811570284888,0.13151656743139
"512",0.601934909820557,0.736821262631565,0.528547045076266
"513",0.683905019192025,0.927232450107113,0.975415593245998
"514",0.660990283591673,0.310224637156352,0.434381341561675
"515",0.751851859735325,0.700383528135717,0.772048926679417
"516",0.25965094123967,0.0481796129606664,0.798326972639188
"517",0.873899168334901,0.214089776854962,0.315352203557268
"518",0.445844694972038,0.541426836047322,0.0108770322985947
"519",0.441285339882597,0.84082107222639,0.782656454248354
"520",0.896232505328953,0.517081186641008,0.651709920493886
"521",0.91238615475595,0.537992162164301,0.747632083948702
"522",0.194651826517656,0.265616358956322,0.558435960905626
"523",0.271366000175476,0.287058598361909,0.971308363834396
"524",0.752636404475197,0.579485143302009,0.656365636968985
"525",0.543955284170806,0.0853328667581081,0.619258731137961
"526",0.811713614268228,0.400289100129157,0.589943261351436
"527",0.585664498852566,0.767672903370112,0.28702379623428
"528",0.941420001676306,0.826078949961811,0.725024287356064
"529",0.879710295936093,0.956356459064409,0.954478925094008
"530",0.0442649135366082,0.134989619720727,0.438581726280972
"531",0.72092627803795,0.173678062856197,0.95927755208686
"532",0.0118492485489696,0.429010236635804,0.156514752423391
"533",0.615913081215695,0.419887753669173,0.981243948685005
"534",0.586758118821308,0.0803324896842241,0.39112271158956
"535",0.418724291957915,0.579189484938979,0.0556282203178853
"536",0.299975545611233,0.283147728769109,0.112488407641649
"537",0.545154456282035,0.377405263483524,0.491040741791949
"538",0.172506442060694,0.503415431128815,0.246971911052242
"539",0.657556298188865,0.594974501756951,0.307041475782171
"540",0.696769039146602,0.0173587538301945,0.790502476273105
"541",0.0426642396487296,0.301891010021791,0.28592664306052
"542",0.0837532149162143,0.530530555173755,0.466159973759204
"543",0.735865782713518,0.744787603383884,0.481652276823297
"544",0.611573277972639,0.772088004974648,0.310165238799527
"545",0.274886549217626,0.440762200858444,0.0553922390099615
"546",0.269172875676304,0.83310603746213,0.794985354412347
"547",0.383904756745324,0.767149602063,0.221743774600327
"548",0.559514225460589,0.414787054993212,0.890202713897452
"549",0.905546918744221,0.0178785473108292,0.384725980460644
"550",0.313828989397734,0.881589823635295,0.564074422698468
"551",0.941064179874957,0.283570036990568,0.02601317781955
"552",0.672700388589874,0.622487108921632,0.225103585748002
"553",0.789214293239638,0.0121622418519109,0.90267869993113
"554",0.523280581692234,0.162731550401077,0.857862960547209
"555",0.895031789550558,0.49871162394993,0.192801464814693
"556",0.067476823925972,0.280121270800009,0.710944417631254
"557",0.566030912101269,0.437875860836357,0.567263524280861
"558",0.125977603252977,0.0110216303728521,0.00957537372596562
"559",0.786981031298637,0.894612280419096,0.57640990219079
"560",0.945666995365173,0.91083193058148,0.477710313629359
"561",0.267973200418055,0.631417612079531,0.720177446724847
"562",0.325942737516016,0.386307129869238,0.705773185240105
"563",0.319022085983306,0.286325797904283,0.546736001269892
"564",0.0456198921892792,0.218507531099021,0.638735233340412
"565",0.576795185450464,0.891119865002111,0.147733169374987
"566",0.0220972986426204,0.342956075444818,0.610124834347516
"567",0.188191150315106,0.753290943568572,0.0807829338591546
"568",0.982782984850928,0.619424116332084,0.921832194551826
"569",0.685991564067081,0.460036780452356,0.510014959378168
"570",0.839633182156831,0.731569297378883,0.274699723348022
"571",0.736941976239905,0.939937994349748,0.797922349302098
"572",0.000173210399225354,0.398354490986094,0.840025400044397
"573",0.882567165885121,0.763272668933496,0.687910547014326
"574",0.769246343523264,0.675710218958557,0.0395173483993858
"575",0.375455342233181,0.478949300944805,0.82662817183882
"576",0.0963540773373097,0.331604541977867,0.719670931110159
"577",0.0765284721273929,0.52554670535028,0.767819371074438
"578",0.787025840487331,0.517516955034807,0.680497629567981
"579",0.809572969330475,0.518216899363324,0.111958160297945
"580",0.987184413475916,0.485426564700902,0.369838991668075
"581",0.108124782098457,0.914815205847844,0.420125318225473
"582",0.78937901253812,0.650081320432946,0.955648834584281
"583",0.435706815449521,0.274528751149774,0.206642334116623
"584",0.281811790075153,0.886711260769516,0.712215779116377
"585",0.92303876625374,0.757794304052368,0.0827934728004038
"586",0.552193154813722,0.921262924326584,0.844654013868421
"587",0.0470429896377027,0.314730631653219,0.842489820206538
"588",0.909256536047906,0.148054839111865,0.84806007402949
"589",0.798773718765005,0.00432893959805369,0.909812741912901
"590",0.243407503236085,0.355266140773892,0.748452194733545
"591",0.520555251045153,0.120914748171344,0.867791512049735
"592",0.618728651897982,0.485139799769968,0.799092137021944
"593",0.390631564427167,0.275288072181866,0.86784987594001
"594",0.982430735370144,0.688125216169283,0.048422395484522
"595",0.45035075256601,0.0402691303752363,0.967776374192908
"596",0.917624017922208,0.253136340295896,0.37093140813522
"597",0.603629111777991,0.610393418930471,0.124792831484228
"598",0.895625783829018,0.332692939555272,0.864681153092533
"599",0.735273211961612,0.764532709028572,0.674596291035414
"600",0.853202918311581,0.370067753363401,0.876497933408245
"601",0.293074946850538,0.453540885122493,0.0670876489020884
"602",0.798708306392655,0.261871713213623,0.170934706460685
"603",0.278161518275738,0.382046124199405,0.792715685674921
"604",0.471615164773539,0.0332424466032535,0.290826060343534
"605",0.952843436505646,0.705511069158092,0.266334614949301
"606",0.376815024297684,0.331538679543883,0.736209495924413
"607",0.172523453366011,0.664232963696122,0.210780044551939
"608",0.485096682328731,0.879728606902063,0.655601689592004
"609",0.583593771792948,0.246665418380871,0.542942681815475
"610",0.21911208005622,0.0469658495858312,0.700379386311397
"611",0.998674169182777,0.551186248892918,0.287726228125393
"612",0.535969642456621,0.443149489117786,0.4062253262382
"613",0.92715208302252,0.298172269482166,0.59248861297965
"614",0.770741453394294,0.787462543463334,0.779418099904433
"615",0.20756497583352,0.990351980319247,0.161909460322931
"616",0.8920981020201,0.559449857100844,0.422243964625522
"617",0.828569675562903,0.980151049094275,0.0387945072725415
"618",0.919825387420133,0.0230617064516991,0.466031723190099
"619",0.436433765571564,0.775801656069234,0.228399086045101
"620",0.186135447118431,0.831529428483918,0.723818444181234
"621",0.0642992416396737,0.038143124897033,0.873411811888218
"622",0.557341865263879,0.937450208235532,0.490072516025975
"623",0.984034972963855,0.986182691762224,0.543086116667837
"624",0.0822312156669796,0.361742409178987,0.933241609251127
"625",0.144962771562859,0.492810777854174,0.5169460803736
"626",0.40115085314028,0.347175463335589,0.609013031003997
"627",0.28102843509987,0.172830351628363,0.853359981672838
"628",0.35203245934099,0.885578260524198,0.72016295325011
"629",0.509864915162325,0.395047602243721,0.545595933916047
"630",0.599422906292602,0.635013021761551,0.545511378906667
"631",0.256605598144233,0.207286577438936,0.109556331299245
"632",0.641338462242857,0.580455138580874,0.330364446388558
"633",0.888918868964538,0.223934387322515,0.395517520373687
"634",0.0940636903978884,0.375235230429098,0.38598902290687
"635",0.669629369396716,0.550770713482052,0.997336194384843
"636",0.571756080491468,0.196135573554784,0.309128497494385
"637",0.675169969676062,0.331280832877383,0.403301123064011
"638",0.24796226201579,0.997733241179958,0.959033099468797
"639",0.356840702006593,0.181891607120633,0.504199737217277
"640",0.484947936609387,0.9850939437747,0.465715869097039
"641",0.251523273997009,0.349878610111773,0.0809063964989036
"642",0.0819391149561852,0.345514236018062,0.799880726961419
"643",0.475111560896039,0.25494628213346,0.390107010724023
"644",0.247333816485479,0.382802804466337,0.994627212872729
"645",0.995230545988306,0.250731460517272,0.666462796041742
"646",0.402348813600838,0.322519564302638,0.0932266528252512
"647",0.760608235374093,0.690762900514528,0.789995797676966
"648",0.698420678265393,0.795668324455619,0.0317032483872026
"649",0.0372242380399257,0.369423798285425,0.720398182980716
"650",0.723858582088724,0.270387239288539,0.399939890019596
"651",0.401170380879194,0.608479022979736,0.527185812592506
"652",0.368141889339313,0.932035004952922,0.51852883817628
"653",0.412938330788165,0.0189274104777724,0.489448637701571
"654",0.0722916244994849,0.402711375849321,0.167507778154686
"655",0.215778223238885,0.550046985968947,0.343285111477599
"656",0.944544738158584,0.725285677006468,0.0362440326716751
"657",0.557278514606878,0.717706507770345,0.169681553496048
"658",0.401495067868382,0.242311317939311,0.16671746247448
"659",0.624022885691375,0.180199743714184,0.242002574028447
"660",0.427808502456173,0.466915824217722,0.287968834396452
"661",0.592870589578524,0.781137822195888,0.582567679230124
"662",0.487148326123133,0.856837055180222,0.603988983202726
"663",0.54936208575964,0.131307285511866,0.552900611190125
"664",0.400525207398459,0.621751616941765,0.353191412054002
"665",0.0307979159988463,0.499610998202115,0.177884045289829
"666",0.12644004682079,0.47745904373005,0.513535049045458
"667",0.959107889095321,0.308209179202095,0.799961308715865
"668",0.319437708938494,0.366276061860844,0.280271753668785
"669",0.355659343535081,0.607769444584846,0.262390467105433
"670",0.180570333497599,0.881155895534903,0.434643139364198
"671",0.446177300298586,0.539007301675156,0.906479463679716
"672",0.462757882894948,0.97150743752718,0.752844858681783
"673",0.752660176018253,0.252578876214102,0.887696719262749
"674",0.201464108889922,0.297090743668377,0.774886440951377
"675",0.762712232535705,0.395603188313544,0.234022198012099
"676",0.811084883054718,0.309500016039237,0.0193992182612419
"677",0.982124005211517,0.775723251048476,0.601260929834098
"678",0.490604336140677,0.597322070971131,0.846365980338305
"679",0.914870427222922,0.246300100814551,0.5746195751708
"680",0.368808187544346,0.499841045122594,0.171741795958951
"681",0.0694763355422765,0.767868210561574,0.0119573273696005
"682",0.214466095669195,0.692017536610365,0.282210402190685
"683",0.415681142825633,0.894983756355941,0.0137115470133722
"684",0.0171009788755327,0.512924975017086,0.559467233717442
"685",0.341668038163334,0.86152416607365,0.907276934245601
"686",0.231737785041332,0.127964820479974,0.274160273838788
"687",0.231017200741917,0.455456174211577,0.133677916135639
"688",0.493757972493768,0.593389975605533,0.844136034836993
"689",0.816762687405571,0.953286213800311,0.448315009707585
"690",0.498473874758929,0.300520533695817,0.598573461174965
"691",0.842713519698009,0.397324229590595,0.332264136755839
"692",0.284597882535309,0.138354938011616,0.554943999275565
"693",0.100144256372005,0.385550922248513,0.343495081411675
"694",0.958197995088995,0.354950414970517,0.420804982539266
"695",0.962489924859256,0.465778898913413,0.346092073014006
"696",0.396307897986844,0.28997050318867,0.75366029352881
"697",0.0685451368335634,0.207545549608767,0.927399605046958
"698",0.157623543404043,0.506231382023543,0.187129152705893
"699",0.0261408360674977,0.0994969946332276,0.84462728491053
"700",0.724615095183253,0.774717337219045,0.177182042505592
"701",0.207578818546608,0.209269172279164,0.126713335746899
"702",0.668311410583556,0.124440122395754,0.176398016978055
"703",0.792245652293786,0.915561970090494,0.682408086955547
"704",0.749953290913254,0.917639307677746,0.0480334938038141
"705",0.160515263909474,0.604241674765944,0.500215588835999
"706",0.332879307912663,0.0185254537500441,0.35754163376987
"707",0.146070156479254,0.85276075406,0.0485050783026963
"708",0.33325962186791,0.0468417820520699,0.440262894611806
"709",0.795158132677898,0.0443315317388624,0.471152439946309
"710",0.24381717806682,0.985681596910581,0.25330012710765
"711",0.84809792577289,0.539127215743065,0.786264070076868
"712",0.35881772916764,0.0366538432426751,0.349075277801603
"713",0.544453992042691,0.322349759982899,0.845075062010437
"714",0.989118705503643,0.438590310048312,0.948075461667031
"715",0.179102515103295,0.275353244738653,0.751510082278401
"716",0.840730235213414,0.884204856585711,0.22525765071623
"717",0.603811884764582,0.972127155167982,0.81526196654886
"718",0.945171422092244,0.83396353921853,0.687898278003559
"719",0.258940994506702,0.206594532821327,0.044509524712339
"720",0.895890306448564,0.252522066468373,0.992107741301879
"721",0.851578165544197,0.344528800575063,0.204382115509361
"722",0.095643101260066,0.447509261546656,0.347282931208611
"723",0.258633129531518,0.386608175234869,0.452249442460015
"724",0.580698924604803,0.149783970788121,0.312224864261225
"725",0.430003536399454,0.999316834611818,0.279051868477836
"726",0.325797274475917,0.151176709681749,0.423997818958014
"727",0.974973744014278,0.227454080944881,0.329222980886698
"728",0.238996045198292,0.441149975638837,0.712018482154235
"729",0.781195749761537,0.10604929854162,0.120093296281993
"730",0.071811753557995,0.461379183921963,0.635864939540625
"731",0.891562768258154,0.719459919026121,0.322639495600015
"732",0.672533302567899,0.621506155468524,0.150742051657289
"733",0.408968707313761,0.728492650669068,0.368655235273764
"734",0.777125637978315,0.695074414135888,0.653802431188524
"735",0.247679663123563,0.187206910224631,0.106489398051053
"736",0.433321486925706,0.847217087401077,0.420159566681832
"737",0.870399771258235,0.907776804640889,0.217826779233292
"738",0.39058010908775,0.587320144753903,0.908598656533286
"739",0.559896239778027,0.748202963499352,0.0846865009516478
"740",0.447039950406179,0.747979776933789,0.185057986993343
"741",0.430946849053726,0.667202314129099,0.526423544855788
"742",0.861621170770377,0.450694612925872,0.0619268347509205
"743",0.050484023289755,0.486703160218894,0.273601684486493
"744",0.331869110930711,0.790556628489867,0.618712690891698
"745",0.332971222233027,0.792392483912408,0.0321181649342179
"746",0.160888847662136,0.894887614995241,0.326454695081338
"747",0.874321903334931,0.839530427241698,0.455335373291746
"748",0.504783845040947,0.120321701746434,0.661822710419074
"749",0.0054784226231277,0.0186808346770704,0.964658747892827
"750",0.481459353817627,0.105889624683186,0.45184942567721
"751",0.96713756932877,0.88507719244808,0.536542238667607
"752",0.00554207828827202,0.78747607441619,0.934776692651212
"753",0.847068371251225,0.326213468099013,0.488705206662416
"754",0.287372030550614,0.278765947790816,0.415050818119198
"755",0.756701684556901,0.582936646183953,0.62582999211736
"756",0.15735262981616,0.94509309111163,0.682696349918842
"757",0.0823053035419434,0.578134926734492,0.874391456600279
"758",0.829724233830348,0.247305083787069,0.306337810354307
"759",0.727164245210588,0.974317183019593,0.318339551100507
"760",0.678812223020941,0.389143344946206,0.641300331801176
"761",0.327000990277156,0.86544201662764,0.52494749519974
"762",0.799530139891431,0.36205787002109,0.254742641700432
"763",0.310476504731923,0.0773782357573509,0.0197187711019069
"764",0.645768481073901,0.736610432853922,0.70042339223437
"765",0.933817315846682,0.305510969134048,0.00959144649095833
"766",0.565860640257597,0.895537798991427,0.174441421870142
"767",0.918345716316253,0.54137496673502,0.226245934376493
"768",0.68010654556565,0.29628706141375,0.756510701961815
"769",0.269620205508545,0.326356645906344,0.0521254471968859
"770",0.698776093777269,0.820298362290487,0.687368000624701
"771",0.480160593288019,0.64187773084268,0.467506563756615
"772",0.494312121998519,0.737325629219413,0.161473164102063
"773",0.0674349879845977,0.556186064844951,0.749672885751352
"774",0.11807284806855,0.384535451652482,0.92440761369653
"775",0.341127301333472,0.191547411261126,0.66462651710026
"776",0.719291393645108,0.259946423117071,0.793115012114868
"777",0.450302912155166,0.889105148846284,0.632454438367859
"778",0.711876832414418,0.0847448788117617,0.849469273118302
"779",0.383839353453368,0.352140323724598,0.089083781465888
"780",0.671462361468002,0.569554993882775,0.726313463179395
"781",0.111892148852348,0.578970880480483,0.362571371719241
"782",0.429021872347221,0.0929276049137115,0.128656766843051
"783",0.97886444744654,0.0865382759366184,0.259686258388683
"784",0.442175320116803,0.390096121001989,0.850764448055997
"785",0.478593593463302,0.70254243304953,0.724564717616886
"786",0.661303227767348,0.614721582969651,0.847608262905851
"787",0.931357552297413,0.651323053287342,0.516063198214397
"788",0.951353660319,0.762266041478142,0.57922977139242
"789",0.0956594741437584,0.66420039604418,0.875777484849095
"790",0.372568531660363,0.155124139040709,0.528424790361896
"791",0.252882340922952,0.556020454736426,0.933633483713493
"792",0.823364306939766,0.289832369890064,0.243631817400455
"793",0.36847338010557,0.676140500931069,0.910412928555161
"794",0.464777361601591,0.399243055842817,0.0963780244346708
"795",0.688617843436077,0.646302708890289,0.0451037015300244
"796",0.285848730942234,0.333901199512184,0.856845791218802
"797",0.192624828312546,0.457425594795495,0.510926207061857
"798",0.388631931971759,0.203435622388497,0.584572391351685
"799",0.61299246782437,0.896404969273135,0.503312201937661
"800",0.299204247770831,0.0136572737246752,0.999178485479206
"801",0.732259497046471,0.626493866322562,0.985161293065175
"802",0.459325744304806,0.312399326590821,0.990206902846694
"803",0.934854695573449,0.138321423204616,0.80548687139526
"804",0.135215379064903,0.47921003587544,0.338330979226157
"805",0.303023574408144,0.321607211604714,0.882424852577969
"806",0.801076460862532,0.13737788121216,0.0361491609364748
"807",0.324947353452444,0.258593029109761,0.387114044511691
"808",0.509710910497233,0.0272334762848914,0.587662772042677
"809",0.107979495311156,0.82845635060221,0.849584279349074
"810",0.276930143823847,0.486890029394999,0.573235399089754
"811",0.729111535474658,0.565116864396259,0.64971732487902
"812",0.261087464634329,0.336515499511734,0.700102848233655
"813",0.208397875772789,0.197658748133108,0.966052096802741
"814",0.987844364717603,0.442555085057393,0.820252837380394
"815",0.196227665292099,0.0721678826957941,0.592478296719491
"816",0.366640741936862,0.360730736283585,0.764152502175421
"817",0.15160946897231,0.493923225440085,0.331100956536829
"818",0.644799093250185,0.937857900047675,0.396420339588076
"819",0.943510650889948,0.508017909247428,0.64359068730846
"820",0.590817666845396,0.284520440036431,0.941562681924552
"821",0.399554966716096,0.437749141361564,0.075930314604193
"822",0.0484188080299646,0.000681216595694423,0.556465116329491
"823",0.428769698599353,0.940414850367233,0.888311743270606
"824",0.0992033632937819,0.549093243665993,0.165236582281068
"825",0.366736771306023,0.643021824536845,0.672707730671391
"826",0.646827905671671,0.837903867242858,0.909044026629999
"827",0.166418778710067,0.476183947408572,0.752614838769659
"828",0.556638182140887,0.688695327378809,0.362946443026885
"829",0.306940576061606,0.361721456982195,0.980599454138428
"830",0.268110062461346,0.0375959607772529,0.942651625024155
"831",0.0795096489600837,0.677165309200063,0.85773890116252
"832",0.640735115623102,0.330448034917936,0.588504374027252
"833",0.540483854711056,0.0289314934052527,0.744324877392501
"834",0.622477923519909,0.339805772993714,0.719771817559376
"835",0.0832703507039696,0.176254471763968,0.15793503052555
"836",0.517780339810997,0.38203107798472,0.931323677068576
"837",0.769115131348372,0.0526364278048277,0.944151412695646
"838",0.309365650173277,0.886918919393793,0.575886100297794
"839",0.707684328313917,0.857534090289846,0.421127562876791
"840",0.966105128871277,0.927986245136708,0.520328100305051
"841",0.750439626164734,0.336583328433335,0.576795431319624
"842",0.9489333210513,0.0187645989935845,0.878365200711414
"843",0.574525694129989,0.30618495377712,0.746212075464427
"844",0.134208738338202,0.875376082025468,0.231377768330276
"845",0.659789227880538,0.969730636337772,0.45067501720041
"846",0.43217806564644,0.362002597656101,0.926932720700279
"847",0.219112052116543,0.883269214304164,0.570007381727919
"848",0.495016037719324,0.560050022555515,0.450590929249302
"849",0.629645999753848,0.0622123333159834,0.216474103042856
"850",0.465175095712766,0.706972766434774,0.310090494574979
"851",0.837315228302032,0.50766322016716,0.793354940367863
"852",0.803641571197659,0.98744910187088,0.859039591392502
"853",0.336111512267962,0.155224819667637,0.730110055301338
"854",0.62202779436484,0.360397031763569,0.133112011943012
"855",0.395468908594921,0.225268388632685,0.16461637779139
"856",0.689311887370422,0.913553254911676,0.269531353842467
"857",0.465439200168476,0.62902659829706,0.601997236721218
"858",0.661373827140778,0.166600861120969,0.787486085901037
"859",0.882501817308366,0.100648228777573,0.445353153161705
"860",0.391001832904294,0.896138793090358,0.606453844811767
"861",0.473272065166384,0.0445846915245056,0.0276725976727903
"862",0.582743912702426,0.169854103587568,0.658780761761591
"863",0.779159942641854,0.979556793812662,0.924680749885738
"864",0.969237339682877,0.887733067618683,0.839136060094461
"865",0.367177818203345,0.489509906386957,0.364208557177335
"866",0.555580680957064,0.674973380751908,0.922001722501591
"867",0.543001856189221,0.39225142612122,0.340491354698315
"868",0.719243836821988,0.819876193068922,0.132300463272259
"869",0.691807089839131,0.408567778766155,0.0662012833636254
"870",0.951456416631117,0.544537703273818,0.948687189957127
"871",0.386385428020731,0.645839473931119,0.612914962461218
"872",0.851205959450454,0.854631441179663,0.866916141239926
"873",0.0151687911711633,0.65993402665481,0.766893329564482
"874",0.668738855514675,0.967067697551101,0.924285430461168
"875",0.27330793091096,0.156460070749745,0.654586204793304
"876",0.212787932250649,0.666525735286996,0.160180322127417
"877",0.510573176667094,0.635652664816007,0.36346763279289
"878",0.887788391672075,0.407190116355196,0.978146001929417
"879",0.618546630023047,0.420047600287944,0.974591814214364
"880",0.026506677037105,0.342255546478555,0.793332506204024
"881",0.508770623244345,0.122948566218838,0.311727389227599
"882",0.205268591409549,0.772696843603626,0.582389216171578
"883",0.89580244361423,0.148269134340808,0.896992668975145
"884",0.0362085935194045,0.654778131050989,0.749075761297718
"885",0.265579717699438,0.781314091524109,0.512990022543818
"886",0.289893730077893,0.552409681025892,0.824016460916027
"887",0.741390465758741,0.240011813119054,0.803426385857165
"888",0.644117787247524,0.710048504406586,0.343217356828973
"889",0.0204761032946408,0.560361044947058,0.698941490147263
"890",0.0454073757864535,0.737999371485785,0.990191239863634
"891",0.978302270872518,0.385185168124735,0.994684487348422
"892",0.408051005797461,0.908426452893764,0.0309221174102277
"893",0.551797628635541,0.0336560159921646,0.51949303294532
"894",0.617884876439348,0.768927913624793,0.987564296927303
"895",0.300293305888772,0.246090158354491,0.948866662336513
"896",0.853036809945479,0.648227366153151,0.654047289630398
"897",0.918296483112499,0.982255219481885,0.265073201851919
"898",0.977015644311905,0.348855344578624,0.614644464571029
"899",0.894611401716247,0.383055142126977,0.585414558416232
"900",0.832493595313281,0.0693557297345251,0.963191034272313
"901",0.182395787211135,0.190839191200212,0.182377128163353
"902",0.379684804705903,0.332736209500581,0.0161797134205699
"903",0.745218844152987,0.91615137970075,0.820815388811752
"904",0.868128181435168,0.0821418990381062,0.570727656362578
"905",0.876533808885142,0.720663107000291,0.485695636598393
"906",0.962547573028132,0.585426956880838,0.897645646007732
"907",0.11124595394358,0.493722725659609,0.527101668762043
"908",0.907740509370342,0.31463211402297,0.0442533986642957
"909",0.229729423066601,0.283608017722145,0.311796139460057
"910",0.692047068849206,0.145007505314425,0.848880409728736
"911",0.495963497553021,0.738127642078325,0.432692042784765
"912",0.601814023219049,0.0568917563650757,0.478668042691424
"913",0.0585617597680539,0.172364458441734,0.791085045784712
"914",0.962011141236871,0.63765041064471,0.445040907245129
"915",0.274970695143566,0.368893848499283,0.660548434127122
"916",0.151003602193668,0.9472518612165,0.240760821849108
"917",0.409344545099884,0.817803335143253,0.47861001896672
"918",0.530109566403553,0.950142722576857,0.269766683923081
"919",0.168036876246333,0.939445276511833,0.596672373590991
"920",0.715041362913325,0.562948361039162,0.931167328031734
"921",0.516361609799787,0.274111242266372,0.949987256666645
"922",0.33602753537707,0.475829320959747,0.331154091283679
"923",0.264234049944207,0.274878151249141,0.348258410114795
"924",0.361270008608699,0.491409925743937,0.935704385396093
"925",0.369029906345531,0.977703659795225,0.208225982263684
"926",0.788939950289205,0.793858376797289,0.400848226388916
"927",0.389780227094889,0.284454789943993,0.990481179207563
"928",0.519817804917693,0.575196147197857,0.657596025615931
"929",0.753667989745736,0.957009854028001,0.7539603614714
"930",0.878500225255266,0.717679132241756,0.300694843754172
"931",0.929422452347353,0.1575349974446,0.652988789370283
"932",0.378528773086146,0.0436590700410306,0.921400744002312
"933",0.99416815279983,0.284469477599487,0.469828924397007
"934",0.337654130998999,0.570472039049491,0.774397204630077
"935",0.0389869527425617,0.167422190541402,0.390932255191728
"936",0.874419568339363,0.835014960030094,0.738595919450745
"937",0.742993461433798,0.624299435643479,0.590189413167536
"938",0.213225614978001,0.184370966861024,0.242630720837042
"939",0.123937730910257,0.105888367630541,0.710120402043685
"940",0.0657760496251285,0.716341522056609,0.715342703508213
"941",0.940897663589567,0.0474427889566869,0.358564265538007
"942",0.237257435219362,0.198502955725417,0.270086851902306
"943",0.940544673474506,0.301619005855173,0.112702154321596
"944",0.682331827003509,0.0319760995917022,0.111528699984774
"945",0.25237446767278,0.201714885188267,0.129643116844818
"946",0.638213758124039,0.978388430085033,0.853832802269608
"947",0.884359589312226,0.209992017364129,0.655646686675027
"948",0.726081664208323,0.609490818111226,0.618249360239133
